lastSynced;name;abbreviation;description
0;Happy;😺;Happiness is not a fish that you can catch
0;Sad;💩;life, hate it or ignore it, you can't love it
0;Angry;😡;Grrrrrrrrrrrrrrrrrrrrrrrrrrrrrrrrr rogntudju !!!!!
0;Munch;😱;aaaaaaaaaaaaaaaaaaaaaaaaaaa!!!!!!!!!!!!!!!!!!
0;Surprised;😮;120 volts (grounded)
0;Bored;brd;"Enterprise Committee Bored Meetings...
Example of multiline text with lots of wordy words lorem ipsum dolor sit amet consectetur adipisci velit sed eius ok enough. utf-8 was here « àêùÿç »"
0;none;[?];Nothing in particular or can't describe
0;hehe;😁;lol
0;duh;😒;trivial
